"div","threads","nboot","endpoint","knots","elapsed_s","md5","speedup","efficiency"
"TD",1,3472,NA,40,872.245,"24edc909dbca69ca5b493de1a3c0ef27",1,1
"TD",2,3472,NA,40,444.965,"24edc909dbca69ca5b493de1a3c0ef27",1.96025530097873,0.980127650489364
"TD",4,3472,NA,40,225.009,"24edc909dbca69ca5b493de1a3c0ef27",3.87648938486905,0.969122346217262
"TD",7,3472,NA,40,141.608,"24edc909dbca69ca5b493de1a3c0ef27",6.15957431783515,0.879939188262164
"TD",14,3472,NA,40,75.603,"24edc909dbca69ca5b493de1a3c0ef27",11.5371744507493,0.824083889339236
"TD",28,3472,NA,40,40.36,"24edc909dbca69ca5b493de1a3c0ef27",21.6116204162537,0.771843586294776
