"div","threads","nboot","endpoint","knots","elapsed_s","md5","speedup","efficiency"
"PD",1,504,NA,40,838.875,"2703f44e871eb1c5a1bda3a5cf2ed76b",1,1
"PD",2,504,NA,40,424.296,"2703f44e871eb1c5a1bda3a5cf2ed76b",1.97709853498501,0.988549267492505
"PD",4,504,NA,40,222.756,"2703f44e871eb1c5a1bda3a5cf2ed76b",3.76589182782955,0.941472956957388
"PD",7,504,NA,40,147.55,"2703f44e871eb1c5a1bda3a5cf2ed76b",5.685360894612,0.812194413515999
"PD",14,504,NA,40,96.979,"2703f44e871eb1c5a1bda3a5cf2ed76b",8.65006857154642,0.617862040824744
"PD",28,504,NA,40,59.623,"2703f44e871eb1c5a1bda3a5cf2ed76b",14.0696543280278,0.502487654572421
