"div","threads","nboot","endpoint","knots","elapsed_s","md5","speedup","efficiency"
"FD",1,28,NA,40,6162.973,"39dc752173264d5cc43ad2fb24201aa0",1,1
"FD",7,28,NA,40,1162.433,"39dc752173264d5cc43ad2fb24201aa0",5.30178771593718,0.757398245133882
"FD",14,28,NA,40,698.003,"39dc752173264d5cc43ad2fb24201aa0",8.82943626316792,0.630674018797709
"FD",28,28,NA,40,456.449,"39dc752173264d5cc43ad2fb24201aa0",13.5019969372263,0.48221417632951
